Landing Page,Url Clicks,Impressions,URL CTR,Average Position
https://screensizechecker.com/,10522,209494,0.050225782122638354,11.105940981603291
https://screensizechecker.com/es/devices/compare,807,7759,0.10400824848562959,7.767753576491816
https://screensizechecker.com/devices/compare,305,25172,0.012116637533767679,12.685483870967742
https://screensizechecker.com/devices/android-viewport-sizes,263,33336,0.00788936885049196,7.92305615550756
https://screensizechecker.com/es/,243,3918,0.062021439509954056,9.811638591117918
https://screensizechecker.com/de/,207,3651,0.056696795398520954,8.602026841961106
https://screensizechecker.com/de/devices/compare,176,2607,0.06751054852320675,14.697736862293825
https://screensizechecker.com/es/devices/standard-resolutions,145,14939,0.009706138295735993,12.60004016333088
https://screensizechecker.com/devices/ipad-viewport-sizes,121,23219,0.005211249407812567,9.535552780050821
https://screensizechecker.com/es/devices/lcd-screen-tester,119,4375,0.0272,8.918857142857142
https://screensizechecker.com/pt/devices/compare,119,1860,0.06397849462365592,8.48279569892473
https://screensizechecker.com/pt/,115,1553,0.07405022537025113,7.913071474565357
https://screensizechecker.com/zh/,95,906,0.10485651214128035,9.842163355408388
https://screensizechecker.com/devices/iphone-viewport-sizes,84,22675,0.0037045203969128995,8.382403528114665
https://screensizechecker.com/hub/best-monitor-size-fps,82,25079,0.003269667849595279,9.291598548586467
https://screensizechecker.com/hub/gaming-monitor-size-guide,69,45823,0.0015057940335639307,12.020186369290531
https://screensizechecker.com/es/devices/ppi-calculator,59,2215,0.026636568848758466,9.437923250564333
https://screensizechecker.com/de/devices/ipad-viewport-sizes,45,2121,0.021216407355021217,12.67138142385667
https://screensizechecker.com/hub/144hz-vs-240hz-gaming,43,21578,0.001992770414310872,9.016127537306517
https://screensizechecker.com/zh/devices/compare,42,870,0.04827586206896552,11.85632183908046
https://screensizechecker.com/devices/projection-calculator,37,10026,0.0036904049471374427,29.911729503291443
https://screensizechecker.com/de/devices/standard-resolutions,33,5412,0.006097560975609756,15.827050997782704
https://screensizechecker.com/devices/standard-resolutions,33,19457,0.0016960476949169963,32.39682376522588
https://screensizechecker.com/hub/1080p-vs-1440p-gaming,33,18887,0.0017472335468841002,10.57870492931646
https://screensizechecker.com/de/devices/iphone-viewport-sizes,32,1454,0.02200825309491059,9.83493810178817
https://screensizechecker.com/de/devices/android-viewport-sizes,30,782,0.03836317135549872,7.0076726342711
https://screensizechecker.com/hub/hdr-gaming-monitor-guide,27,20444,0.0013206808843670515,17.55903932694189
https://screensizechecker.com/pt/devices/standard-resolutions,26,3443,0.007551553877432472,13.640720302062155
https://screensizechecker.com/es/devices/android-viewport-sizes,26,936,0.027777777777777776,6.637820512820513
https://screensizechecker.com/de/blog/how-to-check-screen-resolution,26,3226,0.008059516429014259,11.822070675759454
https://screensizechecker.com/es/devices/projection-calculator,25,1383,0.018076644974692697,11.263195950831525
https://screensizechecker.com/es/devices/responsive-tester,25,539,0.04638218923933209,20.163265306122447
https://screensizechecker.com/de/devices/responsive-tester,21,850,0.024705882352941175,40.63294117647059
https://screensizechecker.com/de/hub/best-monitor-size-fps,21,1762,0.01191827468785471,9.80249716231555
https://screensizechecker.com/devices/ppi-calculator,21,21704,0.0009675635827497235,35.838555105049764
https://screensizechecker.com/de/hub/1080p-vs-1440p-gaming,19,2419,0.007854485324514262,11.835055808185201
https://screensizechecker.com/de/hub/g-sync-vs-freesync-gaming,19,1081,0.01757631822386679,15.515263644773357
https://screensizechecker.com/es/devices/iphone-viewport-sizes,19,1033,0.018393030009680542,9.102613746369796
https://screensizechecker.com/es/devices/aspect-ratio-calculator,18,1333,0.01350337584396099,11.209302325581396
https://screensizechecker.com/blog/average-laptop-screen-size-2025,17,15928,0.0010673028628829734,16.850577599196384
https://screensizechecker.com/es/devices/ipad-viewport-sizes,17,1170,0.01452991452991453,10.418803418803419
https://screensizechecker.com/hub/best-gaming-resolution-2025,14,21826,0.0006414368184733803,10.932832401722717
https://screensizechecker.com/devices/lcd-screen-tester,13,1943,0.0066906845084920225,26.289243437982503
https://screensizechecker.com/de/devices/ppi-calculator,13,1934,0.00672182006204757,18.697001034126163
https://screensizechecker.com/pt/devices/projection-calculator,13,544,0.02389705882352941,6.845588235294118
https://screensizechecker.com/zh/devices/aspect-ratio-calculator,12,1349,0.008895478131949592,11.260934025203854
https://screensizechecker.com/de/devices/projection-calculator,11,660,0.016666666666666666,18.275757575757577
https://screensizechecker.com/de/hub/gaming-monitor-vs-tv,11,1079,0.010194624652455977,17.945319740500462
https://screensizechecker.com/devices/responsive-tester,11,2012,0.0054671968190854875,54.50049701789264
https://screensizechecker.com/de/hub/curved-vs-flat-monitor-gaming,9,1114,0.00807899461400359,20.371633752244165
https://screensizechecker.com/zh/devices/ppi-calculator,9,1252,0.00718849840255591,9.791533546325878
https://screensizechecker.com/devices/aspect-ratio-calculator,8,2765,0.0028933092224231465,39.96094032549729
https://screensizechecker.com/hub/g-sync-vs-freesync-gaming,8,13324,0.0006004202942059442,9.844416091263884
https://screensizechecker.com/zh/devices/standard-resolutions,8,1466,0.005457025920873124,10.830832196452933
https://screensizechecker.com/de/hub/144hz-vs-240hz-gaming,7,753,0.009296148738379814,10.403718459495352
https://screensizechecker.com/de/hub/ips-vs-tn-vs-va-gaming,7,1615,0.0043343653250774,35.745510835913315
https://screensizechecker.com/es/hub/1080p-vs-1440p-gaming,7,1413,0.004953998584571833,25.16489738145789
https://screensizechecker.com/es/hub/best-monitor-size-fps,7,1459,0.004797806716929404,10.051405071967102
https://screensizechecker.com/zh/devices/iphone-viewport-sizes,7,878,0.007972665148063782,8.597949886104782
https://screensizechecker.com/zh/hub/best-monitor-size-fps,6,1229,0.004882017900732303,7.788445890968267
https://screensizechecker.com/es/hub/gaming-monitor-vs-tv,6,1399,0.004288777698355968,12.631165117941388
https://screensizechecker.com/hub/1440p-vs-4k-gaming,6,5620,0.0010676156583629894,12.493950177935943
https://screensizechecker.com/pt/devices/android-viewport-sizes,6,297,0.020202020202020204,6.013468013468014
https://screensizechecker.com/pt/devices/ppi-calculator,6,588,0.01020408163265306,13.386054421768707
https://screensizechecker.com/zh/blog/how-to-check-screen-resolution,6,536,0.011194029850746268,11.242537313432836
https://screensizechecker.com/de/hub/1440p-vs-4k-gaming,6,856,0.007009345794392523,15.08411214953271
https://screensizechecker.com/fr/devices/standard-resolutions,5,303,0.0165016501650165,24.874587458745875
https://screensizechecker.com/hub/ips-vs-tn-vs-va-gaming,5,23194,0.00021557299301543502,15.303699232560145
https://screensizechecker.com/pt/devices/aspect-ratio-calculator,5,339,0.014749262536873156,12.805309734513274
https://screensizechecker.com/zh/devices/ipad-viewport-sizes,5,1268,0.003943217665615142,9.719242902208203
https://screensizechecker.com/zh/devices/lcd-screen-tester,5,522,0.009578544061302681,16.019157088122604
https://screensizechecker.com/de/devices/lcd-screen-tester,4,794,0.005037783375314861,25.335012594458437
https://screensizechecker.com/de/devices/aspect-ratio-calculator,4,1130,0.0035398230088495575,18.50353982300885
https://screensizechecker.com/de/hub/gaming-monitor-size-guide,4,974,0.004106776180698152,16.771047227926076
https://screensizechecker.com/de/hub/hdr-gaming-monitor-guide,4,1155,0.003463203463203463,29.296969696969697
https://screensizechecker.com/hub/curved-vs-flat-monitor-gaming,4,16393,0.0002440065881778808,18.099127676447264
https://screensizechecker.com/hub/ultrawide-vs-dual-monitor-gaming,4,8078,0.0004951720722951226,12.811587026491706
https://screensizechecker.com/zh/devices/android-viewport-sizes,4,659,0.006069802731411229,4.710166919575114
https://screensizechecker.com/blog/device-pixel-ratio,3,652,0.004601226993865031,15.785276073619633
https://screensizechecker.com/blog/gaming-monitor-setup-guide,3,2709,0.0011074197120708748,11.692137320044298
https://screensizechecker.com/de/hub/best-gaming-resolution-2025,3,429,0.006993006993006993,9.347319347319347
https://screensizechecker.com/es/hub/curved-vs-flat-monitor-gaming,3,890,0.0033707865168539327,14.614606741573034
https://screensizechecker.com/pt/devices/responsive-tester,3,146,0.02054794520547945,10.856164383561644
https://screensizechecker.com/zh/hub/144hz-vs-240hz-gaming,3,878,0.003416856492027335,8.702733485193622
https://screensizechecker.com/zh/hub/gaming-monitor-size-guide,3,1097,0.0027347310847766638,7.966271649954421
https://screensizechecker.com/pt/devices/lcd-screen-tester,2,245,0.00816326530612245,16.19183673469388
https://screensizechecker.com/de/blog/monitor-buying-guide-2025,2,446,0.004484304932735426,9.804932735426009
https://screensizechecker.com/de/hub/ultrawide-vs-dual-monitor-gaming,2,446,0.004484304932735426,11.385650224215247
https://screensizechecker.com/es/blog/monitor-buying-guide-2025,2,912,0.0021929824561403508,8.914473684210527
https://screensizechecker.com/es/hub/1440p-vs-4k-gaming,2,1028,0.0019455252918287938,33.7568093385214
https://screensizechecker.com/es/hub/144hz-vs-240hz-gaming,2,430,0.004651162790697674,10.986046511627906
https://screensizechecker.com/es/hub/best-gaming-resolution-2025,2,371,0.005390835579514825,8.986522911051214
https://screensizechecker.com/es/hub/hdr-gaming-monitor-guide,2,849,0.002355712603062426,23.510011778563015
https://screensizechecker.com/es/hub/ultrawide-vs-dual-monitor-gaming,2,557,0.003590664272890485,9.894075403949731
https://screensizechecker.com/privacy-policy,2,58,0.034482758620689655,4.793103448275862
https://screensizechecker.com/de/blog/how-to-measure-monitor-size.html,2,402,0.004975124378109453,8.191542288557214
https://screensizechecker.com/pt/hub/1440p-vs-4k-gaming,2,332,0.006024096385542169,10.21987951807229
https://screensizechecker.com/pt/hub/144hz-vs-240hz-gaming,2,249,0.008032128514056224,8.807228915662652
https://screensizechecker.com/pt/hub/gaming-monitor-size-guide,2,1156,0.0017301038062283738,8.947231833910035
https://screensizechecker.com/pt/hub/gaming-monitor-vs-tv,2,958,0.0020876826722338203,8.708768267223382
https://screensizechecker.com/zh/hub/best-gaming-resolution-2025,2,3173,0.0006303183107469272,8.729278285534194
https://screensizechecker.com/zh/hub/g-sync-vs-freesync-gaming,2,632,0.0031645569620253164,11.425632911392405
https://screensizechecker.com/zh/hub/gaming-monitor-vs-tv,2,944,0.00211864406779661,9.09322033898305
https://screensizechecker.com/zh/hub/ultrawide-vs-dual-monitor-gaming,2,414,0.004830917874396135,10.502415458937199
https://screensizechecker.com/blog/screen-dimensions-cheat-sheet,1,178,0.0056179775280898875,23.117977528089888
https://screensizechecker.com/zh/hub/ips-vs-tn-vs-va-gaming,1,2893,0.0003456619426201175,8.03110957483581
https://screensizechecker.com/blog/how-to-check-screen-resolution,1,2543,0.00039323633503735744,54.792371215100275
https://screensizechecker.com/blog/how-to-measure-laptop-screen,1,2142,0.00046685340802987864,16.32212885154062
https://screensizechecker.com/blog/black_myth_guide,1,63,0.015873015873015872,9.492063492063492
https://screensizechecker.com/de/blog/average-laptop-screen-size-2025,1,73,0.0136986301369863,39.36986301369863
https://screensizechecker.com/de/blog/how-to-measure-laptop-screen,1,188,0.005319148936170213,25.117021276595743
https://screensizechecker.com/de/blog/viewport-basics,1,35,0.02857142857142857,8.428571428571429
https://screensizechecker.com/es/blog/how-to-check-screen-resolution,1,357,0.0028011204481792717,14.064425770308123
https://screensizechecker.com/es/blog/how-to-measure-laptop-screen,1,1192,0.0008389261744966443,16.969798657718123
https://screensizechecker.com/es/hub/ips-vs-tn-vs-va-gaming,1,1170,0.0008547008547008547,26.95042735042735
https://screensizechecker.com/fr/,1,91,0.01098901098901099,8.274725274725274
https://screensizechecker.com/fr/devices/compare,1,2,0.5,32.5
https://screensizechecker.com/hub/1080p-vs-1440p-gaming.html,1,15,0.06666666666666667,9.733333333333333
https://screensizechecker.com/hub/gaming-monitor-vs-tv.html,1,125,0.008,23.2
https://screensizechecker.com/pt/devices/iphone-viewport-sizes,1,153,0.006535947712418301,7.352941176470588
https://screensizechecker.com/pt/hub/1080p-vs-1440p-gaming,1,562,0.0017793594306049821,11.286476868327401
https://screensizechecker.com/pt/hub/best-gaming-resolution-2025,1,1234,0.0008103727714748784,6.626418152350081
https://screensizechecker.com/pt/hub/best-monitor-size-fps,1,891,0.001122334455667789,8.793490460157127
https://screensizechecker.com/pt/hub/g-sync-vs-freesync-gaming,1,333,0.003003003003003003,12.093093093093094
https://screensizechecker.com/pt/hub/ips-vs-tn-vs-va-gaming,1,655,0.0015267175572519084,9.673282442748091
https://screensizechecker.com/zh/blog/how-to-measure-laptop-screen,1,211,0.004739336492890996,12.109004739336493
https://screensizechecker.com/zh/devices/projection-calculator,1,517,0.0019342359767891683,10.852998065764023
https://screensizechecker.com/zh/devices/responsive-tester,1,87,0.011494252873563218,23.114942528735632
https://screensizechecker.com/zh/hub/1080p-vs-1440p-gaming,1,880,0.0011363636363636363,10.043181818181818
https://screensizechecker.com/blog/container-queries-guide,1,2551,0.0003920031360250882,15.401803214425716
https://screensizechecker.com/de/blog/container-queries-guide,0,7,0,8
https://screensizechecker.com/zh/hub/hdr-gaming-monitor-guide.html,0,18,0,20.88888888888889
https://screensizechecker.com/blog/category/basics,0,3,0,2.666666666666667
https://screensizechecker.com/blog/category/css.html,0,2,0,9.5
https://screensizechecker.com/blog/category/guides,0,12,0,34.25
https://screensizechecker.com/blog/category/technical,0,8,0,5.375
https://screensizechecker.com/blog/how-to-check-screen-resolution.html,0,323,0,33.71826625386997
https://screensizechecker.com/blog/how-to-measure-laptop-screen.html,0,161,0,48.01863354037267
https://screensizechecker.com/blog/how-to-measure-monitor-size,0,458,0,27.521834061135372
https://screensizechecker.com/blog/hub/,0,24,0,30.625
https://screensizechecker.com/blog/media-queries-essentials,0,96,0,40.614583333333336
https://screensizechecker.com/blog/media-queries-essentials.html,0,13,0,22.923076923076923
https://screensizechecker.com/blog/monitor-buying-guide-2025,0,231,0,8.385281385281385
https://screensizechecker.com/blog/page/2/,0,12,0,7.333333333333333
https://screensizechecker.com/blog/responsive-debugging-checklist,0,326,0,28.57668711656442
https://screensizechecker.com/blog/tag/basics,0,1,0,6
https://screensizechecker.com/blog/tag/dpr,0,1,0,7
https://screensizechecker.com/blog/tag/frontend,0,1,0,21
https://screensizechecker.com/blog/tag/gaming,0,5,0,7.4
https://screensizechecker.com/blog/tag/laptop-measurement,0,2,0,2
https://screensizechecker.com/blog/tag/media-queries,0,1,0,36
https://screensizechecker.com/blog/tag/monitor-guide,0,5,0,9.2
https://screensizechecker.com/blog/tag/monitor-measurement,0,3,0,11.666666666666666
https://screensizechecker.com/blog/tag/monitor-measurement.html,0,3,0,9.333333333333334
https://screensizechecker.com/blog/tag/pixel-density,0,2,0,49.5
https://screensizechecker.com/blog/tag/responsive-design,0,3,0,5
https://screensizechecker.com/blog/tag/retina-display,0,1,0,9
https://screensizechecker.com/blog/tag/screen-dimensions,0,6,0,5.333333333333333
https://screensizechecker.com/blog/tag/screen-size,0,2,0,9
https://screensizechecker.com/blog/tag/web-development,0,19,0,7.473684210526316
https://screensizechecker.com/blog/tag/web-development.html,0,2,0,1
https://screensizechecker.com/blog/viewport-basics,0,188,0,53.86702127659574
https://screensizechecker.com/compare,0,6,0,5.333333333333333
https://screensizechecker.com/de/blog/,0,83,0,14.903614457831326
https://screensizechecker.com/de/blog/black_myth_guide,0,23,0,7.434782608695652
https://screensizechecker.com/de/blog/category/basics,0,9,0,59.44444444444444
https://screensizechecker.com/de/blog/category/css,0,6,0,33.166666666666664
https://screensizechecker.com/de/blog/category/technical,0,1,0,30
https://screensizechecker.com/blog/,0,248,0,11.564516129032258
https://screensizechecker.com/de/blog/device-pixel-ratio,0,9,0,8
https://screensizechecker.com/de/blog/gaming-monitor-setup-guide,0,85,0,13.011764705882353
https://screensizechecker.com/de/blog/how-to-check-screen-resolution#bildschirmaufl%C3%B6sung-pr%C3%BCfen-komplette-anleitung-2025,0,15,0,6.2
https://screensizechecker.com/de/blog/how-to-check-screen-resolution#desktopmonitor-aufl%C3%B6sungen,0,14,0,6.214285714285714
https://screensizechecker.com/de/blog/how-to-check-screen-resolution#gebr%C3%A4uchliche-aufl%C3%B6sungs-namen,0,1,0,6
https://screensizechecker.com/de/blog/how-to-check-screen-resolution#kommandozeile-linux,0,3,0,5
https://screensizechecker.com/de/blog/how-to-check-screen-resolution#macos-alle-versionen,0,2,0,4.5
https://screensizechecker.com/de/blog/how-to-check-screen-resolution#seitenverh%C3%A4ltnisse,0,7,0,7.428571428571429
https://screensizechecker.com/de/blog/how-to-check-screen-resolution#warum-bildschirmaufl%C3%B6sung-wichtig-ist,0,4,0,5.25
https://screensizechecker.com/de/blog/how-to-check-screen-resolution#windows-11,0,11,0,5.090909090909091
https://screensizechecker.com/de/blog/how-to-measure-monitor-size,0,287,0,11.369337979094077
https://screensizechecker.com/de/blog/media-queries-essentials,0,15,0,41.2
https://screensizechecker.com/de/blog/page/2/,0,1,0,5
https://screensizechecker.com/de/blog/responsive-debugging-checklist,0,3,0,5
https://screensizechecker.com/de/blog/screen-dimensions-cheat-sheet,0,28,0,5.75
https://screensizechecker.com/de/blog/tag/4k,0,6,0,22
https://screensizechecker.com/de/blog/tag/anleitung,0,1,0,3
https://screensizechecker.com/de/blog/tag/bildschirmauflsung,0,3,0,3
https://screensizechecker.com/de/blog/tag/black-myth,0,1,0,91
https://screensizechecker.com/de/blog/tag/debugging,0,2,0,48.5
https://screensizechecker.com/de/blog/tag/display-technologie,0,1,0,2
https://screensizechecker.com/de/blog/tag/dpr,0,3,0,29
https://screensizechecker.com/de/blog/tag/frontend,0,2,0,26
https://screensizechecker.com/de/blog/tag/gaming,0,2,0,43.5
https://screensizechecker.com/de/blog/tag/gaming-setup,0,1,0,89
https://screensizechecker.com/de/blog/tag/hardware,0,2,0,31.5
https://screensizechecker.com/de/blog/tag/kaufberatung,0,1,0,25
https://screensizechecker.com/de/blog/tag/laptop,0,1,0,46
https://screensizechecker.com/de/blog/tag/monitors,0,1,0,38
https://screensizechecker.com/de/blog/tag/screen-dimensions,0,5,0,28.6
https://screensizechecker.com/de/blog/tag/screen-size,0,1,0,95
https://screensizechecker.com/de/hub/1080p-vs-1440p-gaming.html,0,2,0,8.5
https://screensizechecker.com/de/hub/1440p-vs-4k-gaming.html,0,32,0,7.15625
https://screensizechecker.com/de/hub/144hz-vs-240hz-gaming.html,0,10,0,8.4
https://screensizechecker.com/de/hub/g-sync-vs-freesync-gaming.html,0,18,0,21.833333333333332
https://screensizechecker.com/de/hub/gaming-monitor-vs-tv.html,0,4,0,17.25
https://screensizechecker.com/de/hub/ips-vs-tn-vs-va-gaming.html,0,27,0,13.185185185185185
https://screensizechecker.com/en/blog/media-queries-essentials.html,0,46,0,36.130434782608695
https://screensizechecker.com/en/blog/screen-dimensions-cheat-sheet,0,4,0,4
https://screensizechecker.com/en/blog/tag/breakpoints,0,2,0,2.5
https://screensizechecker.com/en/blog/tag/media-queries,0,1,0,6
https://screensizechecker.com/en/blog/tag/web-development.html,0,1,0,1
https://screensizechecker.com/en/blog/viewport-basics,0,4,0,25.75
https://screensizechecker.com/en/devices/android-viewport-sizes,0,1,0,13
https://screensizechecker.com/es/blog/,0,150,0,17.533333333333335
https://screensizechecker.com/es/blog/average-laptop-screen-size-2025,0,10,0,4.4
https://screensizechecker.com/es/blog/black_myth_guide,0,16,0,9.6875
https://screensizechecker.com/es/blog/black_myth_guide.html,0,3,0,17.333333333333332
https://screensizechecker.com/es/blog/category/basics,0,2,0,65.5
https://screensizechecker.com/es/blog/category/guides,0,1,0,34
https://screensizechecker.com/es/blog/category/technical,0,7,0,24.714285714285715
https://screensizechecker.com/es/blog/device-pixel-ratio,0,5,0,8.8
https://screensizechecker.com/es/blog/gaming-monitor-setup-guide,0,455,0,6.6
https://screensizechecker.com/es/blog/how-to-measure-laptop-screen#c%C3%B3mo-medir-la-pantalla-del-laptop-gu%C3%ADa-completa-2025,0,17,0,9.941176470588236
https://screensizechecker.com/es/blog/how-to-measure-laptop-screen#casos-especiales,0,17,0,9.941176470588236
https://screensizechecker.com/es/blog/how-to-measure-laptop-screen#decodificar-n%C3%BAmeros-de-modelo,0,3,0,9.666666666666666
https://screensizechecker.com/es/blog/how-to-measure-laptop-screen#encontrar-tu-n%C3%BAmero-de-modelo,0,3,0,9.666666666666666
https://screensizechecker.com/es/blog/how-to-measure-laptop-screen#instrucciones-paso-a-paso,0,3,0,9.666666666666666
https://screensizechecker.com/es/blog/how-to-measure-laptop-screen#por-qu%C3%A9-importa-el-tama%C3%B1o-de-pantalla-del-laptop,0,17,0,9.941176470588236
https://screensizechecker.com/es/blog/how-to-measure-monitor-size,0,840,0,11.272619047619047
https://screensizechecker.com/es/blog/media-queries-essentials,0,163,0,35.190184049079754
https://screensizechecker.com/es/blog/page/2/,0,2,0,7.5
https://screensizechecker.com/es/blog/page/3,0,1,0,24
https://screensizechecker.com/es/blog/page/3/,0,2,0,22.5
https://screensizechecker.com/es/blog/responsive-debugging-checklist,0,9,0,6.222222222222222
https://screensizechecker.com/blog/black_myth_guide.html,0,18,0,10.38888888888889
https://screensizechecker.com/es/blog/tag/css,0,1,0,8
https://screensizechecker.com/es/blog/tag/dpr,0,2,0,15.5
https://screensizechecker.com/es/blog/tag/hardware,0,1,0,42
https://screensizechecker.com/es/blog/tag/medicin-laptop,0,1,0,49
https://screensizechecker.com/es/blog/tag/resolucin-pantalla,0,2,0,48
https://screensizechecker.com/es/blog/tag/retina-display,0,4,0,59.75
https://screensizechecker.com/es/blog/tag/retina-display.html,0,1,0,38
https://screensizechecker.com/es/blog/tag/screen-dimensions,0,3,0,73.66666666666667
https://screensizechecker.com/es/blog/tag/tamao-pantalla,0,2,0,90.5
https://screensizechecker.com/es/blog/tag/tecnologa-display,0,1,0,81
https://screensizechecker.com/es/blog/tag/viewport,0,1,0,49
https://screensizechecker.com/es/hub/1080p-vs-1440p-gaming.html,0,4,0,11
https://screensizechecker.com/es/hub/1440p-vs-4k-gaming.html,0,1,0,2
https://screensizechecker.com/es/hub/144hz-vs-240hz-gaming.html,0,15,0,8.733333333333334
https://screensizechecker.com/es/hub/g-sync-vs-freesync-gaming,0,664,0,21.183734939759034
https://screensizechecker.com/es/hub/gaming-monitor-size-guide,0,1085,0,11.226728110599078
https://screensizechecker.com/es/hub/gaming-monitor-vs-tv.html,0,11,0,5.909090909090909
https://screensizechecker.com/es/resolution-test,0,5,0,14.8
https://screensizechecker.com/fr/devices/android-viewport-sizes,0,3,0,5.666666666666667
https://screensizechecker.com/fr/devices/ipad-viewport-sizes,0,3,0,7.666666666666667
https://screensizechecker.com/fr/devices/iphone-viewport-sizes,0,10,0,7.2
https://screensizechecker.com/fr/devices/ppi-calculator,0,1,0,9
https://screensizechecker.com/fr/hub/best-gaming-resolution-2025,0,19,0,8.473684210526315
https://screensizechecker.com/fr/hub/g-sync-vs-freesync-gaming,0,1,0,11
https://screensizechecker.com/fr/resolution-test,0,2,0,6.5
https://screensizechecker.com/hub/1440p-vs-4k-gaming.html,0,27,0,9.703703703703704
https://screensizechecker.com/hub/144hz-vs-240hz-gaming.html,0,37,0,8.08108108108108
https://screensizechecker.com/hub/best-monitor-size-fps.html,0,58,0,9.913793103448276
https://screensizechecker.com/hub/curved-vs-flat-monitor-gaming.html,0,299,0,27.612040133779264
https://screensizechecker.com/hub/g-sync-vs-freesync-gaming.html,0,91,0,16.637362637362635
https://screensizechecker.com/hub/gaming-monitor-vs-tv,0,11682,0,21.49537750385208
https://screensizechecker.com/hub/ips-vs-tn-vs-va-gaming.html,0,39,0,16.76923076923077
https://screensizechecker.com/hub/ultrawide-vs-dual-monitor-gaming.html,0,33,0,11.212121212121213
https://screensizechecker.com/pt/blog/tag/dpr,0,1,0,10
https://screensizechecker.com/pt/blog/tag/viewport,0,3,0,5.333333333333333
https://screensizechecker.com/pt/devices/ipad-viewport-sizes,0,99,0,10.242424242424242
https://screensizechecker.com/pt/hub/curved-vs-flat-monitor-gaming,0,373,0,9.908847184986595
https://screensizechecker.com/pt/hub/gaming-monitor-size-guide.html,0,120,0,9.641666666666667
https://screensizechecker.com/pt/hub/gaming-monitor-vs-tv.html,0,47,0,9.46808510638298
https://screensizechecker.com/pt/hub/hdr-gaming-monitor-guide,0,679,0,12.209131075110456
https://screensizechecker.com/pt/hub/hdr-gaming-monitor-guide.html,0,31,0,6.709677419354839
https://screensizechecker.com/pt/hub/ultrawide-vs-dual-monitor-gaming,0,286,0,9.982517482517483
https://screensizechecker.com/pt/hub/ultrawide-vs-dual-monitor-gaming.html,0,20,0,8.8
https://screensizechecker.com/resolution-test,0,22,0,44.90909090909091
https://screensizechecker.com/select-language,0,5,0,29.6
https://screensizechecker.com/sitemap.xml,0,3,0,27.666666666666668
https://screensizechecker.com/terms-of-service,0,55,0,4.254545454545454
https://screensizechecker.com/zh/blog/,0,130,0,10.569230769230769
https://screensizechecker.com/zh/blog/average-laptop-screen-size-2025,0,13,0,3.1538461538461537
https://screensizechecker.com/zh/blog/black_myth_guide,0,3,0,9.666666666666666
https://screensizechecker.com/zh/blog/category/basics,0,6,0,27
https://screensizechecker.com/zh/blog/category/css,0,7,0,39.42857142857143
https://screensizechecker.com/zh/blog/category/guides,0,3,0,37.333333333333336
https://screensizechecker.com/zh/blog/category/technical,0,5,0,30.2
https://screensizechecker.com/zh/blog/container-queries-guide,0,8,0,28.25
https://screensizechecker.com/zh/blog/device-pixel-ratio,0,38,0,23.81578947368421
https://screensizechecker.com/zh/blog/gaming-monitor-setup-guide,0,153,0,11.777777777777779
https://screensizechecker.com/zh/blog/how-to-measure-monitor-size,0,747,0,7.536813922356091
https://screensizechecker.com/zh/blog/media-queries-essentials,0,12,0,31.5
https://screensizechecker.com/zh/blog/monitor-buying-guide-2025,0,196,0,8.714285714285715
https://screensizechecker.com/zh/blog/page/2/,0,5,0,44.4
https://screensizechecker.com/zh/blog/page/3/,0,3,0,31.666666666666668
https://screensizechecker.com/zh/blog/responsive-debugging-checklist,0,18,0,25.27777777777778
https://screensizechecker.com/zh/blog/screen-dimensions-cheat-sheet,0,35,0,12.885714285714286
https://screensizechecker.com/zh/blog/tag/%E4%BD%BF%E7%94%A8%E6%95%99%E7%A8%8B,0,1,0,114
https://screensizechecker.com/zh/blog/tag/%E5%83%8F%E7%B4%A0%E5%AF%86%E5%BA%A6,0,6,0,54.5
https://screensizechecker.com/zh/blog/tag/%E5%89%8D%E7%AB%AF,0,3,0,37.666666666666664
https://screensizechecker.com/zh/blog/tag/%E5%93%8D%E5%BA%94%E5%BC%8F%E8%AE%BE%E8%AE%A1,0,2,0,34
https://screensizechecker.com/zh/blog/tag/%E5%9F%BA%E7%A1%80%E7%9F%A5%E8%AF%86,0,3,0,69.66666666666667
https://screensizechecker.com/zh/blog/tag/%E5%AA%92%E4%BD%93%E6%9F%A5%E8%AF%A2,0,10,0,39.3
https://screensizechecker.com/zh/blog/tag/%E5%AE%B9%E5%99%A8%E6%9F%A5%E8%AF%A2,0,2,0,70
https://screensizechecker.com/zh/blog/tag/%E5%B1%8F%E5%B9%95%E5%88%86%E8%BE%A8%E7%8E%87,0,5,0,40
https://screensizechecker.com/zh/blog/tag/%E5%B1%8F%E5%B9%95%E5%B0%BA%E5%AF%B8,0,2,0,89.5
https://screensizechecker.com/zh/blog/tag/%E6%96%AD%E7%82%B9,0,106,0,46.613207547169814
https://screensizechecker.com/zh/blog/tag/%E6%98%BE%E7%A4%BA%E5%99%A8,0,3,0,27.666666666666668
https://screensizechecker.com/zh/blog/tag/%E6%98%BE%E7%A4%BA%E5%99%A8%E6%8C%87%E5%8D%97,0,2,0,87.5
https://screensizechecker.com/zh/blog/tag/%E6%98%BE%E7%A4%BA%E5%99%A8%E6%B5%8B%E9%87%8F,0,1,0,113
https://screensizechecker.com/zh/blog/tag/%E6%98%BE%E7%A4%BA%E5%99%A8%E8%AE%BE%E7%BD%AE,0,1,0,120
https://screensizechecker.com/zh/blog/tag/%E6%98%BE%E7%A4%BA%E6%8A%80%E6%9C%AF,0,1,0,116
https://screensizechecker.com/zh/blog/tag/%E6%98%BE%E7%A4%BA%E8%AE%BE%E7%BD%AE,0,1,0,118
https://screensizechecker.com/zh/blog/tag/%E6%B8%B8%E6%88%8F,0,2,0,49
https://screensizechecker.com/zh/blog/tag/%E6%B8%B8%E6%88%8F%E8%AE%BE%E7%BD%AE,0,1,0,115
https://screensizechecker.com/zh/blog/tag/%E7%A1%AC%E4%BB%B6,0,3,0,40.333333333333336
https://screensizechecker.com/zh/blog/tag/%E7%AC%94%E8%AE%B0%E6%9C%AC,0,4,0,49.25
https://screensizechecker.com/zh/blog/tag/%E7%AC%94%E8%AE%B0%E6%9C%AC%E6%B5%8B%E9%87%8F,0,17,0,23.176470588235293
https://screensizechecker.com/zh/blog/tag/%E7%BD%91%E9%A1%B5%E5%BC%80%E5%8F%91,0,5,0,50.4
https://screensizechecker.com/zh/blog/tag/%E8%A7%86%E5%8F%A3,0,3,0,66
https://screensizechecker.com/zh/blog/tag/%E8%A7%86%E7%BD%91%E8%86%9C%E6%98%BE%E7%A4%BA,0,7,0,40.714285714285715
https://screensizechecker.com/zh/blog/tag/%E8%B0%83%E8%AF%95,0,4,0,33.75
https://screensizechecker.com/zh/blog/tag/%E9%BB%91%E7%A5%9E%E8%AF%9D,0,2,0,105.5
https://screensizechecker.com/zh/blog/tag/4k,0,3,0,48.333333333333336
https://screensizechecker.com/zh/blog/tag/css,0,4,0,47.75
https://screensizechecker.com/zh/blog/tag/dpr,0,5,0,34
https://screensizechecker.com/zh/blog/tag/responsive-design,0,2,0,95.5
https://screensizechecker.com/zh/blog/tag/viewport,0,3,0,55
https://screensizechecker.com/zh/blog/tag/web-development,0,2,0,75
https://screensizechecker.com/zh/blog/viewport-basics,0,55,0,24.636363636363637
https://screensizechecker.com/zh/hub/1440p-vs-4k-gaming,0,503,0,8.512922465208748
https://screensizechecker.com/zh/hub/best-gaming-resolution-2025.html,0,16,0,8.125
https://screensizechecker.com/zh/hub/curved-vs-flat-monitor-gaming,0,451,0,9.869179600886918
https://screensizechecker.com/zh/hub/hdr-gaming-monitor-guide,0,1072,0,9.995335820895523
https://screensizechecker.com/es/blog/screen-dimensions-cheat-sheet,0,38,0,26.789473684210527